{"sections":{"image_banner":{"type":"image-banner","blocks":{"heading":{"type":"heading","settings":{"heading":"","heading_size":"h0"}},"button":{"type":"buttons","settings":{"button_label_1":"Shop all","button_link_1":"shopify:\/\/collections\/all","button_style_secondary_1":true,"button_label_2":"","button_link_2":"","button_style_secondary_2":false}}},"block_order":["heading","button"],"settings":{"image":"shopify:\/\/shop_images\/home-hero-bundles-sep10-desktop_x1440_5336af11-a000-4d05-b119-c15ff0a74c64.png","image_2":"shopify:\/\/shop_images\/home-hero-bundles-sep10-desktop_x1440_2793a35c-278f-4624-ad69-f4dbaa5b09de.png","image_overlay_opacity":40,"image_height":"large","desktop_content_position":"bottom-center","show_text_box":false,"desktop_content_alignment":"center","color_scheme":"scheme-3","image_behavior":"none","mobile_content_alignment":"center","stack_images_on_mobile":false,"show_text_below":false}},"rich_text_3EYetw":{"type":"rich-text","blocks":{"text_UTTVN9":{"type":"text","settings":{"text":"<p><strong>W O R L D ' S  B E S T  S H A P I N G.<br\/>B U I L T  I N T O  S H A P E W E A R,<br\/>I N T I M A T E S  A N D   O U T E R W E A R<\/strong><\/p>"}}},"block_order":["text_UTTVN9"],"settings":{"desktop_content_position":"center","content_alignment":"center","color_scheme":"","full_width":true,"padding_top":40,"padding_bottom":52}},"image_banner_GaAE9t":{"type":"image-banner","settings":{"image":"shopify:\/\/shop_images\/8184074-hd_1920_1080_30fps.gif","image_overlay_opacity":0,"image_height":"medium","desktop_content_position":"middle-center","show_text_box":true,"desktop_content_alignment":"center","color_scheme":"","image_behavior":"none","mobile_content_alignment":"center","stack_images_on_mobile":true,"show_text_below":true}},"multicolumn_atUEYY":{"type":"multicolumn","blocks":{"column_z86hpd":{"type":"column","settings":{"image":"shopify:\/\/shop_images\/CrossOverBra-Model-Runway-M-Nicki-Front_350x443_10ff00b3-edda-4373-a92c-afb660c3547a.webp","title":"CrossOver Bra","text":"","link_label":"","link":""}},"column_aMLLMe":{"type":"column","settings":{"image":"shopify:\/\/shop_images\/honeylove-starter-pack-bundle-runway_1200x_8f26de77-0adf-41bc-90ff-7913ae92a39e.webp","title":"<strong>SuperPower Short<\/strong>","text":"","link_label":"","link":""}},"column_mgP6h3":{"type":"column","settings":{"image":"shopify:\/\/shop_images\/LWC-Model-Vamp-M-Hannah-Front_350x443_55c55acc-7965-4c50-a439-0034ba31cfcb.webp","title":"<strong>LiftWear Cami<\/strong>","text":"","link_label":"","link":""}},"column_tDM6na":{"type":"column","settings":{"image":"shopify:\/\/shop_images\/VNB-Model-Vamp-L-McCallah-Front_350x443_8c7db7a3-c8a7-418b-8a1a-9e40a4712c7f.webp","title":"V-Neck Bra","text":"","link_label":"","link":""}},"column_XJUGph":{"type":"column","settings":{"image":"shopify:\/\/shop_images\/SilhBra-Model-Blush-M-Katie-Front_350x443_41afcda8-a64b-47bc-b5ca-d20c2b145fdb.webp","title":"<strong>Silhouette Bra<\/strong>","text":"","link_label":"","link":""}},"column_EBJLEa":{"type":"column","settings":{"image":"shopify:\/\/shop_images\/LiftWearTank-Model-Astral-L-McCallah-Front_350x443_9b2558ee-80e1-47e7-8631-3d3010e962bc.webp","title":"<strong>LiftWear Tank<\/strong>","text":"","link_label":"","link":""}},"column_A9BGdh":{"type":"column","settings":{"image":"shopify:\/\/shop_images\/bras-discover-2024.webp","title":"<strong>bras<\/strong>","text":"","link_label":"","link":""}},"column_Xb9q8C":{"type":"column","settings":{"image":"shopify:\/\/shop_images\/Silhouette_Brief-Model-Rose_Tan-M-Elle-Front_350x443_e3f404e2-bd11-4a05-bb5a-7170db79bc29.webp","title":"<strong>shilhouette<\/strong>","text":"","link_label":"","link":""}}},"block_order":["column_z86hpd","column_aMLLMe","column_mgP6h3","column_tDM6na","column_XJUGph","column_EBJLEa","column_A9BGdh","column_Xb9q8C"],"settings":{"title":"","heading_size":"h1","image_width":"full","image_ratio":"adapt","columns_desktop":4,"column_alignment":"left","background_style":"primary","button_label":"","button_link":"","color_scheme":"","columns_mobile":"1","swipe_on_mobile":false,"padding_top":44,"padding_bottom":16}},"rich_text_RjY7JH":{"type":"rich-text","blocks":{"heading_4bU6QK":{"type":"heading","settings":{"heading":"W H Y   H O N E Y  L O V E","heading_size":"h2"}}},"block_order":["heading_4bU6QK"],"settings":{"desktop_content_position":"center","content_alignment":"center","color_scheme":"","full_width":true,"padding_top":40,"padding_bottom":52}},"image_banner_r8iewm":{"type":"image-banner","settings":{"image":"shopify:\/\/shop_images\/8184074-hd_1920_1080_30fps.gif","image_overlay_opacity":0,"image_height":"medium","desktop_content_position":"middle-center","show_text_box":true,"desktop_content_alignment":"center","color_scheme":"","image_behavior":"none","mobile_content_alignment":"center","stack_images_on_mobile":true,"show_text_below":true}},"rich_text_QxQinm":{"type":"rich-text","blocks":{"text_jPtWjp":{"type":"text","settings":{"text":"<h2><strong>@ H O N E Y  L O V E  I R L<\/strong><\/h2>"}}},"block_order":["text_jPtWjp"],"settings":{"desktop_content_position":"center","content_alignment":"center","color_scheme":"","full_width":true,"padding_top":40,"padding_bottom":52}},"multicolumn_aw793e":{"type":"multicolumn","blocks":{"column_LgxePb":{"type":"column","settings":{"image":"shopify:\/\/shop_images\/30-day-icon.webp","title":"<strong>E A S Y  R E T U N<\/strong>","text":"<h3>Enjoy free US shipping and a 30-day hassle-free return policy. Our customer service is here to help.<\/h3>","link_label":"","link":""}},"column_bxKTYq":{"type":"column","settings":{"image":"shopify:\/\/shop_images\/quality-star.webp","title":"<strong>Q U A L I T Y<\/strong>","text":"<h3>We take the time to source the softest, most durable, performance fabrics that you’ll feel great wearing.<\/h3>","link_label":"","link":""}},"column_CnULHK":{"type":"column","settings":{"image":"shopify:\/\/shop_images\/size-inclusive-icon.webp","title":"S I Z E   I N C L U S I V E","text":"<h3>We strive to serve as many body shapes and sizes as possible so everyone can find their perfect fit.<\/h3>","link_label":"","link":""}},"column_HwQenh":{"type":"column","settings":{"image":"shopify:\/\/shop_images\/quality-star.webp","title":"F I T   O B S E S E D","text":"<h3>Each item goes through +2 years of rigorous testing with real women who want more from their clothing.<\/h3>","link_label":"","link":""}}},"block_order":["column_LgxePb","column_bxKTYq","column_CnULHK","column_HwQenh"],"settings":{"title":"","heading_size":"h1","image_width":"full","image_ratio":"adapt","columns_desktop":4,"column_alignment":"left","background_style":"primary","button_label":"","button_link":"","color_scheme":"","columns_mobile":"1","swipe_on_mobile":false,"padding_top":36,"padding_bottom":36}},"multicolumn_4MyVj6":{"type":"multicolumn","blocks":{"column_76GrUE":{"type":"column","settings":{"image":"shopify:\/\/shop_images\/455696404_1395601301111726_2915629145051528608_n.jpg","title":"","text":"","link_label":"","link":""}},"column_MTzXAk":{"type":"column","settings":{"image":"shopify:\/\/shop_images\/455722845_18450578977014933_8367249034457905639_n.jpg","title":"","text":"","link_label":"","link":""}},"column_FRRnJx":{"type":"column","settings":{"image":"shopify:\/\/shop_images\/456440464_1157888992175710_7131630268483790083_n.jpg","title":"","text":"","link_label":"","link":""}},"column_4aj4bb":{"type":"column","settings":{"image":"shopify:\/\/shop_images\/457154638_18335361253127735_8420724479105101253_n.jpg","title":"","text":"","link_label":"","link":""}},"column_D3iGCy":{"type":"column","settings":{"image":"shopify:\/\/shop_images\/456582340_851076170366809_9127380500743575898_n.jpg","title":"","text":"","link_label":"","link":""}},"column_YXtQMR":{"type":"column","settings":{"image":"shopify:\/\/shop_images\/LiftWearTank-Model-Astral-L-McCallah-Front_350x443_9b2558ee-80e1-47e7-8631-3d3010e962bc.webp","title":"","text":"","link_label":"","link":""}},"column_LeL3Ab":{"type":"column","settings":{"image":"shopify:\/\/shop_images\/1046DFB33005D62416004D37680F0FA3_video_dashinit.gif","title":"","text":"","link_label":"","link":""}},"column_QRfwfE":{"type":"column","settings":{"image":"shopify:\/\/shop_images\/8B41655BA8F13D2F6E59F0F2C2E4A4A6_video_dashinit.gif","title":"","text":"","link_label":"","link":""}},"column_Vbzd4f":{"type":"column","settings":{"image":"shopify:\/\/shop_images\/334AB4909B1B1B608A52DA8A8D284499_video_dashinit.gif","title":"","text":"<p>.<\/p>","link_label":"","link":""}},"column_cLT3hr":{"type":"column","settings":{"image":"shopify:\/\/shop_images\/8B41655BA8F13D2F6E59F0F2C2E4A4A6_video_dashinit.gif","title":"","text":"","link_label":"","link":""}},"column_GwcQ7C":{"type":"column","settings":{"image":"shopify:\/\/shop_images\/1046DFB33005D62416004D37680F0FA3_video_dashinit.gif","title":"","text":"","link_label":"","link":""}},"column_zwhYAM":{"type":"column","settings":{"image":"shopify:\/\/shop_images\/334AB4909B1B1B608A52DA8A8D284499_video_dashinit.gif","title":"","text":"","link_label":"","link":""}}},"block_order":["column_76GrUE","column_MTzXAk","column_FRRnJx","column_4aj4bb","column_D3iGCy","column_YXtQMR","column_LeL3Ab","column_QRfwfE","column_Vbzd4f","column_cLT3hr","column_GwcQ7C","column_zwhYAM"],"settings":{"title":"","heading_size":"hxl","image_width":"full","image_ratio":"portrait","columns_desktop":6,"column_alignment":"left","background_style":"primary","button_label":"","button_link":"","color_scheme":"","columns_mobile":"1","swipe_on_mobile":false,"padding_top":36,"padding_bottom":36}}},"order":["image_banner","rich_text_3EYetw","image_banner_GaAE9t","multicolumn_atUEYY","rich_text_RjY7JH","image_banner_r8iewm","rich_text_QxQinm","multicolumn_aw793e","multicolumn_4MyVj6"]}