{"name":"t:sections.footer.name","type":"footer","sections":{"custom_liquid_6yW46X":{"type":"custom-liquid","settings":{"custom_liquid":"","color_scheme":"","padding_top":40,"padding_bottom":52}},"footer":{"type":"footer","settings":{"color_scheme":"scheme-1","newsletter_enable":true,"newsletter_heading":"Subscribe to our emails","enable_follow_on_shop":true,"show_social":true,"enable_country_selector":true,"enable_language_selector":true,"payment_enable":true,"show_policy":true,"margin_top":0,"padding_top":36,"padding_bottom":36}}},"order":["custom_liquid_6yW46X","footer"]}